dataset,dataset_name,model_name,optimization,feature_count,train_rows,pos_rate,accuracy,precision,recall,f1,roc_auc,avg_precision,elapsed_s,source_url
adult,Adult (Census Income),catboost,baseline,14,16000,0.2393125,0.87075,0.7791878172588832,0.6415882967607106,0.7037249283667621,0.9268095988154461,0.8243308075912387,1.623,https://archive.ics.uci.edu/dataset/2/adult
adult,Adult (Census Income),lightgbm,baseline,14,16000,0.2393125,0.87025,0.7683823529411765,0.6551724137931034,0.7072758037225042,0.9260747468108625,0.821939099142155,0.579,https://archive.ics.uci.edu/dataset/2/adult
adult,Adult (Census Income),hist_gradient_boosting,baseline,14,16000,0.2393125,0.869,0.768944099378882,0.6468129571577848,0.70261066969353,0.9250157357911729,0.8195328306542856,0.347,https://archive.ics.uci.edu/dataset/2/adult
adult,Adult (Census Income),xgboost,baseline,14,16000,0.2393125,0.86725,0.7636138613861386,0.644723092998955,0.6991501416430594,0.9224494196901193,0.8138590206743095,0.133,https://archive.ics.uci.edu/dataset/2/adult
adult,Adult (Census Income),random_forest,baseline,14,16000,0.2393125,0.8555,0.7354037267080745,0.6185997910135841,0.6719636776390465,0.9066684728916874,0.7827950364595004,0.899,https://archive.ics.uci.edu/dataset/2/adult
adult,Adult (Census Income),extra_trees,baseline,14,16000,0.2393125,0.84875,0.7125603864734299,0.6165099268547545,0.6610644257703081,0.8956213122190437,0.7487735156744028,0.615,https://archive.ics.uci.edu/dataset/2/adult
adult,Adult (Census Income),logistic_regression,baseline,14,16000,0.2393125,0.825,0.7196581196581197,0.4399164054336468,0.5460440985732814,0.8501688270972212,0.6828102912792505,0.118,https://archive.ics.uci.edu/dataset/2/adult
adult,Adult (Census Income),catboost,optimized,14,16000,0.2393125,0.8715,0.7828863346104725,0.6405433646812957,0.7045977011494253,0.9274019444733465,0.8250870454728565,3.056,https://archive.ics.uci.edu/dataset/2/adult
adult,Adult (Census Income),xgboost,optimized,14,16000,0.2393125,0.8705,0.7713226205191595,0.6520376175548589,0.7066817667044167,0.9262150211304291,0.8227189737563765,0.598,https://archive.ics.uci.edu/dataset/2/adult
adult,Adult (Census Income),hist_gradient_boosting,optimized,14,16000,0.2393125,0.867,0.7620221948212084,0.64576802507837,0.6990950226244343,0.9245839243912832,0.8186735293450366,0.781,https://archive.ics.uci.edu/dataset/2/adult
adult,Adult (Census Income),lightgbm,optimized,14,16000,0.2393125,0.869,0.783748361730013,0.6248693834900731,0.6953488372093023,0.9237316334214812,0.8159050600959544,0.998,https://archive.ics.uci.edu/dataset/2/adult
adult,Adult (Census Income),random_forest,optimized,14,16000,0.2393125,0.86775,0.7884097035040432,0.6112852664576802,0.6886403766921718,0.9151589323493183,0.8021786569988479,2.034,https://archive.ics.uci.edu/dataset/2/adult
adult,Adult (Census Income),extra_trees,optimized,14,16000,0.2393125,0.8495,0.7812995245641838,0.5151515151515151,0.6209068010075567,0.9074139699486736,0.7714187315145447,2.311,https://archive.ics.uci.edu/dataset/2/adult
adult,Adult (Census Income),logistic_regression,optimized,14,16000,0.2393125,0.825,0.7196581196581197,0.4399164054336468,0.5460440985732814,0.8501636762654134,0.682834034437446,0.048,https://archive.ics.uci.edu/dataset/2/adult
bank_marketing,Bank Marketing,catboost,baseline,16,16000,0.117,0.909,0.6688311688311688,0.44017094017094016,0.5309278350515464,0.9380698812323954,0.6395758810401758,1.388,https://archive.ics.uci.edu/dataset/222/bank+marketing
bank_marketing,Bank Marketing,hist_gradient_boosting,baseline,16,16000,0.117,0.908,0.6461988304093568,0.4722222222222222,0.5456790123456791,0.9319004026676735,0.6049825018692201,0.357,https://archive.ics.uci.edu/dataset/222/bank+marketing
bank_marketing,Bank Marketing,lightgbm,baseline,16,16000,0.117,0.90825,0.6406685236768802,0.49145299145299143,0.5562273276904474,0.9318151019736522,0.6104402598147889,0.473,https://archive.ics.uci.edu/dataset/222/bank+marketing
bank_marketing,Bank Marketing,random_forest,baseline,16,16000,0.117,0.90775,0.6655518394648829,0.4252136752136752,0.5189048239895697,0.9299136829572845,0.6203755001846291,1.391,https://archive.ics.uci.edu/dataset/222/bank+marketing
bank_marketing,Bank Marketing,xgboost,baseline,16,16000,0.117,0.90625,0.628808864265928,0.48504273504273504,0.5476477683956574,0.9281471721307509,0.6022597394403726,0.124,https://archive.ics.uci.edu/dataset/222/bank+marketing
bank_marketing,Bank Marketing,extra_trees,baseline,16,16000,0.117,0.90375,0.6721991701244814,0.34615384615384615,0.45698166431593795,0.9246259473821762,0.5894316771679329,0.619,https://archive.ics.uci.edu/dataset/222/bank+marketing
bank_marketing,Bank Marketing,logistic_regression,baseline,16,16000,0.117,0.9,0.660377358490566,0.29914529914529914,0.4117647058823529,0.8910068869723456,0.5215244195656802,0.036,https://archive.ics.uci.edu/dataset/222/bank+marketing
bank_marketing,Bank Marketing,catboost,optimized,16,16000,0.117,0.909,0.6656050955414012,0.4465811965811966,0.5345268542199488,0.9385538568013087,0.635268915135979,3.265,https://archive.ics.uci.edu/dataset/222/bank+marketing
bank_marketing,Bank Marketing,xgboost,optimized,16,16000,0.117,0.9075,0.6432748538011696,0.4700854700854701,0.5432098765432098,0.9350256749039307,0.6294630682644375,0.706,https://archive.ics.uci.edu/dataset/222/bank+marketing
bank_marketing,Bank Marketing,hist_gradient_boosting,optimized,16,16000,0.117,0.90475,0.6268221574344023,0.4594017094017094,0.530209617755857,0.9335592289301234,0.6205665591179315,0.633,https://archive.ics.uci.edu/dataset/222/bank+marketing
bank_marketing,Bank Marketing,lightgbm,optimized,16,16000,0.117,0.90725,0.659016393442623,0.42948717948717946,0.5200517464424321,0.932783053111479,0.6173840071216155,1.139,https://archive.ics.uci.edu/dataset/222/bank+marketing
bank_marketing,Bank Marketing,random_forest,optimized,16,16000,0.117,0.909,0.6911764705882353,0.4017094017094017,0.5081081081081081,0.9326662940054786,0.6242490815640136,3.001,https://archive.ics.uci.edu/dataset/222/bank+marketing
bank_marketing,Bank Marketing,extra_trees,optimized,16,16000,0.117,0.89675,0.7235772357723578,0.19017094017094016,0.3011844331641286,0.9250467036424002,0.589167059459927,1.511,https://archive.ics.uci.edu/dataset/222/bank+marketing
bank_marketing,Bank Marketing,logistic_regression,optimized,16,16000,0.117,0.9,0.660377358490566,0.29914529914529914,0.4117647058823529,0.8910056770334233,0.5215320540297945,0.162,https://archive.ics.uci.edu/dataset/222/bank+marketing
breast_cancer,Breast Cancer Wisconsin (Diagnostic),extra_trees,baseline,30,455,0.37362637362637363,0.9824561403508771,1.0,0.9523809523809523,0.975609756097561,0.9986772486772487,0.997845804988662,0.172,https://archive.ics.uci.edu/dataset/17/breast+cancer+wisconsin+diagnostic
breast_cancer,Breast Cancer Wisconsin (Diagnostic),catboost,baseline,30,455,0.37362637362637363,0.9649122807017544,1.0,0.9047619047619048,0.95,0.9986772486772486,0.9979296066252588,0.694,https://archive.ics.uci.edu/dataset/17/breast+cancer+wisconsin+diagnostic
breast_cancer,Breast Cancer Wisconsin (Diagnostic),lightgbm,baseline,30,455,0.37362637362637363,0.9649122807017544,1.0,0.9047619047619048,0.95,0.9966931216931217,0.9954212454212454,0.272,https://archive.ics.uci.edu/dataset/17/breast+cancer+wisconsin+diagnostic
breast_cancer,Breast Cancer Wisconsin (Diagnostic),logistic_regression,baseline,30,455,0.37362637362637363,0.9649122807017544,0.975,0.9285714285714286,0.9512195121951219,0.996031746031746,0.994273631904294,0.014,https://archive.ics.uci.edu/dataset/17/breast+cancer+wisconsin+diagnostic
breast_cancer,Breast Cancer Wisconsin (Diagnostic),random_forest,baseline,30,455,0.37362637362637363,0.9736842105263158,1.0,0.9285714285714286,0.9629629629629629,0.9943783068783069,0.9915844671201814,0.248,https://archive.ics.uci.edu/dataset/17/breast+cancer+wisconsin+diagnostic
breast_cancer,Breast Cancer Wisconsin (Diagnostic),xgboost,baseline,30,455,0.37362637362637363,0.9736842105263158,1.0,0.9285714285714286,0.9629629629629629,0.9940476190476191,0.9928571428571429,0.03,https://archive.ics.uci.edu/dataset/17/breast+cancer+wisconsin+diagnostic
breast_cancer,Breast Cancer Wisconsin (Diagnostic),hist_gradient_boosting,baseline,30,455,0.37362637362637363,0.9649122807017544,1.0,0.9047619047619048,0.95,0.994047619047619,0.9925727353088128,0.224,https://archive.ics.uci.edu/dataset/17/breast+cancer+wisconsin+diagnostic
breast_cancer,Breast Cancer Wisconsin (Diagnostic),extra_trees,optimized,30,455,0.37362637362637363,0.9649122807017544,1.0,0.9047619047619048,0.95,0.9990079365079365,0.9983508554937127,0.365,https://archive.ics.uci.edu/dataset/17/breast+cancer+wisconsin+diagnostic
breast_cancer,Breast Cancer Wisconsin (Diagnostic),lightgbm,optimized,30,455,0.37362637362637363,0.9736842105263158,1.0,0.9285714285714286,0.9629629629629629,0.9983465608465609,0.997467071935157,0.168,https://archive.ics.uci.edu/dataset/17/breast+cancer+wisconsin+diagnostic
breast_cancer,Breast Cancer Wisconsin (Diagnostic),catboost,optimized,30,455,0.37362637362637363,0.9649122807017544,1.0,0.9047619047619048,0.95,0.9983465608465608,0.9973627132012226,1.69,https://archive.ics.uci.edu/dataset/17/breast+cancer+wisconsin+diagnostic
breast_cancer,Breast Cancer Wisconsin (Diagnostic),logistic_regression,optimized,30,455,0.37362637362637363,0.9736842105263158,0.975609756097561,0.9523809523809523,0.963855421686747,0.996031746031746,0.994273631904294,0.048,https://archive.ics.uci.edu/dataset/17/breast+cancer+wisconsin+diagnostic
breast_cancer,Breast Cancer Wisconsin (Diagnostic),random_forest,optimized,30,455,0.37362637362637363,0.9736842105263158,1.0,0.9285714285714286,0.9629629629629629,0.9950396825396826,0.9923495181692497,0.476,https://archive.ics.uci.edu/dataset/17/breast+cancer+wisconsin+diagnostic
breast_cancer,Breast Cancer Wisconsin (Diagnostic),hist_gradient_boosting,optimized,30,455,0.37362637362637363,0.9736842105263158,1.0,0.9285714285714286,0.9629629629629629,0.9914021164021165,0.9902345716299205,0.274,https://archive.ics.uci.edu/dataset/17/breast+cancer+wisconsin+diagnostic
breast_cancer,Breast Cancer Wisconsin (Diagnostic),xgboost,optimized,30,455,0.37362637362637363,0.9736842105263158,1.0,0.9285714285714286,0.9629629629629629,0.9910714285714285,0.9903294651193811,0.13,https://archive.ics.uci.edu/dataset/17/breast+cancer+wisconsin+diagnostic
credit_default,Default of Credit Card Clients,hist_gradient_boosting,baseline,23,16000,0.2211875,0.8275,0.7070063694267515,0.376271186440678,0.4911504424778761,0.7927578420436923,0.5686313603858331,0.249,https://archive.ics.uci.edu/dataset/350/default+of+credit+card+clients
credit_default,Default of Credit Card Clients,catboost,baseline,23,16000,0.2211875,0.82675,0.6897233201581028,0.3943502824858757,0.5017972681524083,0.7896828721966791,0.5675476178416484,1.693,https://archive.ics.uci.edu/dataset/350/default+of+credit+card+clients
credit_default,Default of Credit Card Clients,lightgbm,baseline,23,16000,0.2211875,0.82425,0.6864754098360656,0.3785310734463277,0.4879825200291333,0.7866548775289968,0.5711654847955383,0.497,https://archive.ics.uci.edu/dataset/350/default+of+credit+card+clients
credit_default,Default of Credit Card Clients,random_forest,baseline,23,16000,0.2211875,0.82375,0.6778656126482213,0.38757062146892657,0.4931703810208483,0.7809618122625169,0.5591893991566896,2.548,https://archive.ics.uci.edu/dataset/350/default+of+credit+card+clients
credit_default,Default of Credit Card Clients,xgboost,baseline,23,16000,0.2211875,0.8175,0.649325626204239,0.3807909604519774,0.48005698005698005,0.7711842642217809,0.5339480862305483,0.235,https://archive.ics.uci.edu/dataset/350/default+of+credit+card+clients
credit_default,Default of Credit Card Clients,extra_trees,baseline,23,16000,0.2211875,0.8135,0.6318785578747628,0.376271186440678,0.471671388101983,0.7649311242303054,0.5280756268986191,1.322,https://archive.ics.uci.edu/dataset/350/default+of+credit+card+clients
credit_default,Default of Credit Card Clients,logistic_regression,baseline,23,16000,0.2211875,0.81375,0.7272727272727273,0.25310734463276835,0.3755238893545683,0.7209315232472727,0.5094117215095113,0.071,https://archive.ics.uci.edu/dataset/350/default+of+credit+card+clients
credit_default,Default of Credit Card Clients,lightgbm,optimized,23,16000,0.2211875,0.826,0.7049891540130152,0.3672316384180791,0.48291233283803864,0.7973516155652892,0.5775367808545215,1.196,https://archive.ics.uci.edu/dataset/350/default+of+credit+card+clients
credit_default,Default of Credit Card Clients,random_forest,optimized,23,16000,0.2211875,0.82325,0.6885593220338984,0.3672316384180791,0.47899778924097275,0.7961400549555188,0.5755465415765172,5.053,https://archive.ics.uci.edu/dataset/350/default+of+credit+card+clients
credit_default,Default of Credit Card Clients,hist_gradient_boosting,optimized,23,16000,0.2211875,0.82825,0.7133620689655172,0.37401129943502825,0.4907338769458858,0.7942819054873901,0.573291053880189,0.513,https://archive.ics.uci.edu/dataset/350/default+of+credit+card+clients
credit_default,Default of Credit Card Clients,catboost,optimized,23,16000,0.2211875,0.8245,0.6863543788187373,0.3807909604519774,0.4898255813953488,0.790693836094712,0.5635490204918331,4.599,https://archive.ics.uci.edu/dataset/350/default+of+credit+card+clients
credit_default,Default of Credit Card Clients,extra_trees,optimized,23,16000,0.2211875,0.81475,0.6836734693877551,0.30282485875706217,0.4197337509788567,0.7897449011979578,0.5592981931084033,2.051,https://archive.ics.uci.edu/dataset/350/default+of+credit+card+clients
credit_default,Default of Credit Card Clients,xgboost,optimized,23,16000,0.2211875,0.82825,0.7028688524590164,0.38757062146892657,0.4996358339402768,0.7879039820079622,0.5652215500879989,1.605,https://archive.ics.uci.edu/dataset/350/default+of+credit+card+clients
credit_default,Default of Credit Card Clients,logistic_regression,optimized,23,16000,0.2211875,0.81375,0.7272727272727273,0.25310734463276835,0.3755238893545683,0.7209373271304331,0.5094664365116707,0.862,https://archive.ics.uci.edu/dataset/350/default+of+credit+card+clients
german_credit,Statlog German Credit,catboost,baseline,20,800,0.3,0.775,0.6666666666666666,0.5,0.5714285714285714,0.8098809523809524,0.6700070483119145,0.242,https://archive.ics.uci.edu/dataset/144/statlog+german+credit+data
german_credit,Statlog German Credit,random_forest,baseline,20,800,0.3,0.785,0.7428571428571429,0.43333333333333335,0.5473684210526316,0.8020238095238095,0.6649872725700078,0.298,https://archive.ics.uci.edu/dataset/144/statlog+german+credit+data
german_credit,Statlog German Credit,extra_trees,baseline,20,800,0.3,0.78,0.7222222222222222,0.43333333333333335,0.5416666666666666,0.7876190476190476,0.6352091698516046,0.197,https://archive.ics.uci.edu/dataset/144/statlog+german+credit+data
german_credit,Statlog German Credit,lightgbm,baseline,20,800,0.3,0.76,0.6153846153846154,0.5333333333333333,0.5714285714285714,0.7827380952380952,0.6472192280923542,0.348,https://archive.ics.uci.edu/dataset/144/statlog+german+credit+data
german_credit,Statlog German Credit,xgboost,baseline,20,800,0.3,0.77,0.64,0.5333333333333333,0.5818181818181818,0.7761904761904762,0.6430850168405913,0.025,https://archive.ics.uci.edu/dataset/144/statlog+german+credit+data
german_credit,Statlog German Credit,logistic_regression,baseline,20,800,0.3,0.745,0.6153846153846154,0.4,0.48484848484848486,0.7747619047619048,0.612373075413072,0.072,https://archive.ics.uci.edu/dataset/144/statlog+german+credit+data
german_credit,Statlog German Credit,hist_gradient_boosting,baseline,20,800,0.3,0.765,0.6382978723404256,0.5,0.5607476635514018,0.7636904761904761,0.605419612826037,0.098,https://archive.ics.uci.edu/dataset/144/statlog+german+credit+data
german_credit,Statlog German Credit,catboost,optimized,20,800,0.3,0.79,0.7045454545454546,0.5166666666666667,0.5961538461538461,0.8111904761904762,0.6845159675297261,0.59,https://archive.ics.uci.edu/dataset/144/statlog+german+credit+data
german_credit,Statlog German Credit,random_forest,optimized,20,800,0.3,0.79,0.75,0.45,0.5625,0.8034523809523809,0.678904752087584,0.764,https://archive.ics.uci.edu/dataset/144/statlog+german+credit+data
german_credit,Statlog German Credit,extra_trees,optimized,20,800,0.3,0.735,0.6296296296296297,0.2833333333333333,0.39080459770114945,0.7928571428571429,0.6527604902530167,0.923,https://archive.ics.uci.edu/dataset/144/statlog+german+credit+data
german_credit,Statlog German Credit,lightgbm,optimized,20,800,0.3,0.765,0.6444444444444445,0.48333333333333334,0.5523809523809524,0.7797619047619048,0.6517661841705398,0.399,https://archive.ics.uci.edu/dataset/144/statlog+german+credit+data
german_credit,Statlog German Credit,logistic_regression,optimized,20,800,0.3,0.745,0.6153846153846154,0.4,0.48484848484848486,0.7746428571428572,0.6123413293813259,0.008,https://archive.ics.uci.edu/dataset/144/statlog+german+credit+data
german_credit,Statlog German Credit,xgboost,optimized,20,800,0.3,0.765,0.6444444444444445,0.48333333333333334,0.5523809523809524,0.7732142857142856,0.6388498655950984,0.129,https://archive.ics.uci.edu/dataset/144/statlog+german+credit+data
german_credit,Statlog German Credit,hist_gradient_boosting,optimized,20,800,0.3,0.755,0.6222222222222222,0.4666666666666667,0.5333333333333333,0.7533333333333333,0.5946805073520056,0.928,https://archive.ics.uci.edu/dataset/144/statlog+german+credit+data
heart_disease,Heart Disease,hist_gradient_boosting,baseline,13,242,0.45867768595041325,0.9344262295081968,0.9,0.9642857142857143,0.9310344827586207,0.9621212121212122,0.962665342439384,0.037,https://archive.ics.uci.edu/dataset/45/heart+disease
heart_disease,Heart Disease,random_forest,baseline,13,242,0.45867768595041325,0.9180327868852459,0.8709677419354839,0.9642857142857143,0.9152542372881356,0.9577922077922079,0.9402604498947587,0.193,https://archive.ics.uci.edu/dataset/45/heart+disease
heart_disease,Heart Disease,catboost,baseline,13,242,0.45867768595041325,0.8852459016393442,0.8181818181818182,0.9642857142857143,0.8852459016393442,0.9556277056277056,0.9432392139340235,0.158,https://archive.ics.uci.edu/dataset/45/heart+disease
heart_disease,Heart Disease,extra_trees,baseline,13,242,0.45867768595041325,0.8360655737704918,0.7647058823529411,0.9285714285714286,0.8387096774193549,0.9523809523809524,0.9399523020517189,0.151,https://archive.ics.uci.edu/dataset/45/heart+disease
heart_disease,Heart Disease,lightgbm,baseline,13,242,0.45867768595041325,0.8852459016393442,0.8387096774193549,0.9285714285714286,0.8813559322033898,0.9523809523809524,0.9535657086422774,0.112,https://archive.ics.uci.edu/dataset/45/heart+disease
heart_disease,Heart Disease,logistic_regression,baseline,13,242,0.45867768595041325,0.8688524590163934,0.8125,0.9285714285714286,0.8666666666666667,0.9512987012987013,0.9233707417020479,0.007,https://archive.ics.uci.edu/dataset/45/heart+disease
heart_disease,Heart Disease,xgboost,baseline,13,242,0.45867768595041325,0.8524590163934426,0.7878787878787878,0.9285714285714286,0.8524590163934426,0.9188311688311689,0.8989956294501906,0.014,https://archive.ics.uci.edu/dataset/45/heart+disease
heart_disease,Heart Disease,random_forest,optimized,13,242,0.45867768595041325,0.9016393442622951,0.8666666666666667,0.9285714285714286,0.896551724137931,0.9621212121212122,0.9507684774336818,0.481,https://archive.ics.uci.edu/dataset/45/heart+disease
heart_disease,Heart Disease,lightgbm,optimized,13,242,0.45867768595041325,0.8852459016393442,0.8620689655172413,0.8928571428571429,0.8771929824561403,0.9567099567099568,0.9534481655082497,0.111,https://archive.ics.uci.edu/dataset/45/heart+disease
heart_disease,Heart Disease,logistic_regression,optimized,13,242,0.45867768595041325,0.8688524590163934,0.8125,0.9285714285714286,0.8666666666666667,0.9512987012987013,0.9233707417020479,0.006,https://archive.ics.uci.edu/dataset/45/heart+disease
heart_disease,Heart Disease,extra_trees,optimized,13,242,0.45867768595041325,0.8360655737704918,0.78125,0.8928571428571429,0.8333333333333334,0.946969696969697,0.9389381379118883,0.36,https://archive.ics.uci.edu/dataset/45/heart+disease
heart_disease,Heart Disease,xgboost,optimized,13,242,0.45867768595041325,0.8852459016393442,0.8387096774193549,0.9285714285714286,0.8813559322033898,0.9448051948051948,0.9243634744514823,0.055,https://archive.ics.uci.edu/dataset/45/heart+disease
heart_disease,Heart Disease,hist_gradient_boosting,optimized,13,242,0.45867768595041325,0.8688524590163934,0.8125,0.9285714285714286,0.8666666666666667,0.9415584415584416,0.9102343222669775,0.193,https://archive.ics.uci.edu/dataset/45/heart+disease
heart_disease,Heart Disease,catboost,optimized,13,242,0.45867768595041325,0.8852459016393442,0.8387096774193549,0.9285714285714286,0.8813559322033898,0.9318181818181819,0.9076236148255057,0.363,https://archive.ics.uci.edu/dataset/45/heart+disease
mushroom,Mushroom,catboost,baseline,22,6499,0.4820741652561933,1.0,1.0,1.0,1.0,1.0,1.0,0.8,https://archive.ics.uci.edu/dataset/73/mushroom
mushroom,Mushroom,extra_trees,baseline,22,6499,0.4820741652561933,1.0,1.0,1.0,1.0,1.0,1.0,0.259,https://archive.ics.uci.edu/dataset/73/mushroom
mushroom,Mushroom,hist_gradient_boosting,baseline,22,6499,0.4820741652561933,1.0,1.0,1.0,1.0,1.0,1.0,0.202,https://archive.ics.uci.edu/dataset/73/mushroom
mushroom,Mushroom,lightgbm,baseline,22,6499,0.4820741652561933,1.0,1.0,1.0,1.0,1.0,1.0,0.491,https://archive.ics.uci.edu/dataset/73/mushroom
mushroom,Mushroom,random_forest,baseline,22,6499,0.4820741652561933,1.0,1.0,1.0,1.0,1.0,1.0,0.326,https://archive.ics.uci.edu/dataset/73/mushroom
mushroom,Mushroom,xgboost,baseline,22,6499,0.4820741652561933,1.0,1.0,1.0,1.0,1.0,1.0,0.053,https://archive.ics.uci.edu/dataset/73/mushroom
mushroom,Mushroom,logistic_regression,baseline,22,6499,0.4820741652561933,0.9876923076923076,0.9935316946959897,0.9808429118773946,0.987146529562982,0.9995919828420443,0.9995662599762437,0.021,https://archive.ics.uci.edu/dataset/73/mushroom
mushroom,Mushroom,catboost,optimized,22,6499,0.4820741652561933,1.0,1.0,1.0,1.0,1.0,1.0,2.548,https://archive.ics.uci.edu/dataset/73/mushroom
mushroom,Mushroom,extra_trees,optimized,22,6499,0.4820741652561933,1.0,1.0,1.0,1.0,1.0,1.0,2.218,https://archive.ics.uci.edu/dataset/73/mushroom
mushroom,Mushroom,hist_gradient_boosting,optimized,22,6499,0.4820741652561933,1.0,1.0,1.0,1.0,1.0,1.0,2.117,https://archive.ics.uci.edu/dataset/73/mushroom
mushroom,Mushroom,random_forest,optimized,22,6499,0.4820741652561933,1.0,1.0,1.0,1.0,1.0,1.0,1.305,https://archive.ics.uci.edu/dataset/73/mushroom
mushroom,Mushroom,xgboost,optimized,22,6499,0.4820741652561933,1.0,1.0,1.0,1.0,1.0,1.0,0.576,https://archive.ics.uci.edu/dataset/73/mushroom
mushroom,Mushroom,lightgbm,optimized,22,6499,0.4820741652561933,1.0,1.0,1.0,1.0,0.9999999999999999,1.0,1.124,https://archive.ics.uci.edu/dataset/73/mushroom
mushroom,Mushroom,logistic_regression,optimized,22,6499,0.4820741652561933,0.9883076923076923,0.9948186528497409,0.9808429118773946,0.9877813504823151,0.9996769232169347,0.99965608573068,0.306,https://archive.ics.uci.edu/dataset/73/mushroom
online_shoppers,Online Shoppers Purchasing Intention,hist_gradient_boosting,baseline,17,9864,0.15470397404703973,0.9014598540145985,0.7206349206349206,0.5942408376963351,0.6513629842180775,0.9293658490016179,0.7349088876856904,1.02,https://archive.ics.uci.edu/dataset/468/online+shoppers+purchasing+intention+dataset
online_shoppers,Online Shoppers Purchasing Intention,catboost,baseline,17,9864,0.15470397404703973,0.8957826439578265,0.7009646302250804,0.5706806282722513,0.6291486291486291,0.9280958888967048,0.7393829513565758,2.021,https://archive.ics.uci.edu/dataset/468/online+shoppers+purchasing+intention+dataset
online_shoppers,Online Shoppers Purchasing Intention,lightgbm,baseline,17,9864,0.15470397404703973,0.8965936739659367,0.7028753993610224,0.5759162303664922,0.6330935251798561,0.926445317603079,0.7347117255306435,1.083,https://archive.ics.uci.edu/dataset/468/online+shoppers+purchasing+intention+dataset
online_shoppers,Online Shoppers Purchasing Intention,random_forest,baseline,17,9864,0.15470397404703973,0.9034874290348743,0.74,0.581151832460733,0.6510263929618768,0.9205489845343731,0.7248864678128684,2.02,https://archive.ics.uci.edu/dataset/468/online+shoppers+purchasing+intention+dataset
online_shoppers,Online Shoppers Purchasing Intention,xgboost,baseline,17,9864,0.15470397404703973,0.8933495539334956,0.6842105263157895,0.5785340314136126,0.6269503546099291,0.9200540643747929,0.7110144830451818,0.195,https://archive.ics.uci.edu/dataset/468/online+shoppers+purchasing+intention+dataset
online_shoppers,Online Shoppers Purchasing Intention,extra_trees,baseline,17,9864,0.15470397404703973,0.8933495539334956,0.7370517928286853,0.48429319371727747,0.584518167456556,0.9109382379837405,0.709363246168973,1.215,https://archive.ics.uci.edu/dataset/468/online+shoppers+purchasing+intention+dataset
online_shoppers,Online Shoppers Purchasing Intention,logistic_regression,baseline,17,9864,0.15470397404703973,0.8759124087591241,0.7159090909090909,0.3298429319371728,0.45161290322580644,0.8671616705690829,0.6019641342499604,0.065,https://archive.ics.uci.edu/dataset/468/online+shoppers+purchasing+intention+dataset
online_shoppers,Online Shoppers Purchasing Intention,lightgbm,optimized,17,9864,0.15470397404703973,0.9063260340632603,0.7427652733118971,0.6047120418848168,0.6666666666666666,0.9324119946538574,0.75338804356154,1.139,https://archive.ics.uci.edu/dataset/468/online+shoppers+purchasing+intention+dataset
online_shoppers,Online Shoppers Purchasing Intention,catboost,optimized,17,9864,0.15470397404703973,0.8982157339821574,0.717607973421927,0.5654450261780105,0.6325036603221084,0.9281184994623709,0.7392823365899932,3.586,https://archive.ics.uci.edu/dataset/468/online+shoppers+purchasing+intention+dataset
online_shoppers,Online Shoppers Purchasing Intention,hist_gradient_boosting,optimized,17,9864,0.15470397404703973,0.8969991889699919,0.7012578616352201,0.5837696335078534,0.6371428571428571,0.9269239079096784,0.7208634261559099,2.801,https://archive.ics.uci.edu/dataset/468/online+shoppers+purchasing+intention+dataset
online_shoppers,Online Shoppers Purchasing Intention,xgboost,optimized,17,9864,0.15470397404703973,0.9034874290348743,0.7208588957055214,0.6151832460732984,0.6638418079096046,0.925999387002442,0.7301740209604072,0.918,https://archive.ics.uci.edu/dataset/468/online+shoppers+purchasing+intention+dataset
online_shoppers,Online Shoppers Purchasing Intention,random_forest,optimized,17,9864,0.15470397404703973,0.9014598540145985,0.740484429065744,0.5602094240837696,0.6378539493293591,0.9229381676397584,0.7340880127398587,3.267,https://archive.ics.uci.edu/dataset/468/online+shoppers+purchasing+intention+dataset
online_shoppers,Online Shoppers Purchasing Intention,extra_trees,optimized,17,9864,0.15470397404703973,0.8864557988645579,0.875,0.31151832460732987,0.4594594594594595,0.908914592356624,0.6924739193057037,1.616,https://archive.ics.uci.edu/dataset/468/online+shoppers+purchasing+intention+dataset
online_shoppers,Online Shoppers Purchasing Intention,logistic_regression,optimized,17,9864,0.15470397404703973,0.8759124087591241,0.7159090909090909,0.3298429319371728,0.45161290322580644,0.8672131724131,0.602021484803041,0.403,https://archive.ics.uci.edu/dataset/468/online+shoppers+purchasing+intention+dataset
spambase,Spambase,lightgbm,baseline,57,3680,0.39402173913043476,0.9489685124864278,0.9388888888888889,0.931129476584022,0.9349930843706777,0.9877662253028822,0.9805840374709937,0.93,https://archive.ics.uci.edu/dataset/94/spambase
spambase,Spambase,catboost,baseline,57,3680,0.39402173913043476,0.9511400651465798,0.9416666666666667,0.9338842975206612,0.9377593360995851,0.986892384253088,0.9787352666298071,2.026,https://archive.ics.uci.edu/dataset/94/spambase
spambase,Spambase,hist_gradient_boosting,baseline,57,3680,0.39402173913043476,0.9467969598262758,0.9337016574585635,0.931129476584022,0.9324137931034483,0.9868825103429208,0.9784051090064467,1.048,https://archive.ics.uci.edu/dataset/94/spambase
spambase,Spambase,xgboost,baseline,57,3680,0.39402173913043476,0.9489685124864278,0.93646408839779,0.9338842975206612,0.9351724137931035,0.9860925975295477,0.9788545599629224,0.255,https://archive.ics.uci.edu/dataset/94/spambase
spambase,Spambase,random_forest,baseline,57,3680,0.39402173913043476,0.9457111834961998,0.9510086455331412,0.9090909090909091,0.9295774647887324,0.9834414526496638,0.9794101379990461,0.92,https://archive.ics.uci.edu/dataset/94/spambase
spambase,Spambase,extra_trees,baseline,57,3680,0.39402173913043476,0.9533116178067318,0.9571428571428572,0.9228650137741047,0.9396914446002805,0.9828465495620922,0.9722428456058233,0.475,https://archive.ics.uci.edu/dataset/94/spambase
spambase,Spambase,logistic_regression,baseline,57,3680,0.39402173913043476,0.9294245385450597,0.9209039548022598,0.8980716253443526,0.9093444909344491,0.9701956021604116,0.9506949927513257,0.051,https://archive.ics.uci.edu/dataset/94/spambase
spambase,Spambase,catboost,optimized,57,3680,0.39402173913043476,0.9500542888165038,0.9366391184573003,0.9366391184573003,0.9366391184573003,0.987366331941112,0.9795076284535118,3.053,https://archive.ics.uci.edu/dataset/94/spambase
spambase,Spambase,xgboost,optimized,57,3680,0.39402173913043476,0.9457111834961998,0.938375350140056,0.9228650137741047,0.9305555555555556,0.9869294114162148,0.9792269981184708,0.97,https://archive.ics.uci.edu/dataset/94/spambase
spambase,Spambase,lightgbm,optimized,57,3680,0.39402173913043476,0.9424538545059717,0.9329608938547486,0.9201101928374655,0.926490984743412,0.9864060941773551,0.979854750419312,1.525,https://archive.ics.uci.edu/dataset/94/spambase
spambase,Spambase,hist_gradient_boosting,optimized,57,3680,0.39402173913043476,0.9489685124864278,0.9340659340659341,0.9366391184573003,0.9353507565337001,0.9863789409243954,0.9788105577488173,4.058,https://archive.ics.uci.edu/dataset/94/spambase
spambase,Spambase,random_forest,optimized,57,3680,0.39402173913043476,0.9381107491856677,0.9526627218934911,0.8870523415977961,0.9186875891583453,0.9819554291695054,0.9756560702673147,2.885,https://archive.ics.uci.edu/dataset/94/spambase
spambase,Spambase,extra_trees,optimized,57,3680,0.39402173913043476,0.9120521172638436,0.9607843137254902,0.8099173553719008,0.8789237668161435,0.972259249385349,0.963513964672783,1.647,https://archive.ics.uci.edu/dataset/94/spambase
spambase,Spambase,logistic_regression,optimized,57,3680,0.39402173913043476,0.9294245385450597,0.9209039548022598,0.8980716253443526,0.9093444909344491,0.9704177651391728,0.9508086570150582,3.673,https://archive.ics.uci.edu/dataset/94/spambase
wine_quality,Wine Quality (Binary),extra_trees,baseline,11,5197,0.6330575331922262,0.8469230769230769,0.8537414965986394,0.9149453219927096,0.8832844574780059,0.9160266550509335,0.9495574330642831,0.408,https://archive.ics.uci.edu/dataset/186/wine+quality
wine_quality,Wine Quality (Binary),random_forest,baseline,11,5197,0.6330575331922262,0.8430769230769231,0.8537142857142858,0.9076549210206561,0.8798586572438163,0.9068244979888987,0.9408720983206508,0.662,https://archive.ics.uci.edu/dataset/186/wine+quality
wine_quality,Wine Quality (Binary),xgboost,baseline,11,5197,0.6330575331922262,0.8161538461538461,0.8379629629629629,0.8797083839611178,0.8583283935981031,0.8842655213961297,0.9289443550023615,0.103,https://archive.ics.uci.edu/dataset/186/wine+quality
wine_quality,Wine Quality (Binary),hist_gradient_boosting,baseline,11,5197,0.6330575331922262,0.8215384615384616,0.8361774744027304,0.8930741190765492,0.863689776733255,0.87857483104967,0.9235225722390518,0.158,https://archive.ics.uci.edu/dataset/186/wine+quality
wine_quality,Wine Quality (Binary),lightgbm,baseline,11,5197,0.6330575331922262,0.8115384615384615,0.8314220183486238,0.8809234507897934,0.855457227138643,0.8777520499476528,0.923079974567757,0.492,https://archive.ics.uci.edu/dataset/186/wine+quality
wine_quality,Wine Quality (Binary),catboost,baseline,11,5197,0.6330575331922262,0.8015384615384615,0.8228571428571428,0.8748481166464156,0.8480565371024735,0.8730293373682723,0.9224793492999045,1.143,https://archive.ics.uci.edu/dataset/186/wine+quality
wine_quality,Wine Quality (Binary),logistic_regression,baseline,11,5197,0.6330575331922262,0.7338461538461538,0.7623762376237624,0.8420413122721749,0.8002309468822171,0.804450659880633,0.8815793251778415,0.136,https://archive.ics.uci.edu/dataset/186/wine+quality
wine_quality,Wine Quality (Binary),random_forest,optimized,11,5197,0.6330575331922262,0.8138461538461539,0.8289920724801813,0.8894289185905225,0.8581477139507621,0.8884405623441364,0.9303489929609547,1.81,https://archive.ics.uci.edu/dataset/186/wine+quality
wine_quality,Wine Quality (Binary),hist_gradient_boosting,optimized,11,5197,0.6330575331922262,0.83,0.8491879350348028,0.8894289185905225,0.8688427299703264,0.8878954380226762,0.929771043447372,0.994,https://archive.ics.uci.edu/dataset/186/wine+quality
wine_quality,Wine Quality (Binary),xgboost,optimized,11,5197,0.6330575331922262,0.8184615384615385,0.8385236447520185,0.8833535844471446,0.8603550295857988,0.8844209073008449,0.9283504142324476,0.604,https://archive.ics.uci.edu/dataset/186/wine+quality
wine_quality,Wine Quality (Binary),catboost,optimized,11,5197,0.6330575331922262,0.813076923076923,0.8356481481481481,0.8772782503037667,0.8559573206876111,0.8810151539466746,0.9252159278163437,1.965,https://archive.ics.uci.edu/dataset/186/wine+quality
wine_quality,Wine Quality (Binary),extra_trees,optimized,11,5197,0.6330575331922262,0.7938461538461539,0.7948990435706695,0.9088699878493317,0.8480725623582767,0.8667476711219118,0.9193446139053798,1.009,https://archive.ics.uci.edu/dataset/186/wine+quality
wine_quality,Wine Quality (Binary),lightgbm,optimized,11,5197,0.6330575331922262,0.7892307692307692,0.8180764774044033,0.8578371810449574,0.8374851720047449,0.8560234963866409,0.912899818119125,0.927,https://archive.ics.uci.edu/dataset/186/wine+quality
wine_quality,Wine Quality (Binary),logistic_regression,optimized,11,5197,0.6330575331922262,0.7338461538461538,0.7623762376237624,0.8420413122721749,0.8002309468822171,0.8044583018103731,0.8815876193700724,0.024,https://archive.ics.uci.edu/dataset/186/wine+quality
