mode,optimization,model_name,quadrant,roc_auc,recall,precision,f1,accuracy,avg_precision,fit_seconds,total_seconds,feature_count
safe,baseline,stacking_ensemble,safe_baseline,0.9445016729156903,0.7928709055876686,0.922645739910314,0.8528497409326425,0.8721872187218722,0.9483981356961751,15.975,16.179,25
safe,baseline,soft_vote_blend,safe_baseline,0.9441672525126282,0.7687861271676301,0.9454976303317536,0.8480340063761955,0.8712871287128713,0.9481243704948232,3.576,3.698,25
safe,baseline,catboost,safe_baseline,0.9435146852054367,0.7938342967244701,0.9258426966292135,0.8547717842323651,0.873987398739874,0.9454714161209705,1.695,1.728,25
safe,baseline,hist_gradient_boosting,safe_baseline,0.9426237111388847,0.7890173410404624,0.9222972972972973,0.8504672897196262,0.8703870387038704,0.9464809576046143,0.351,0.371,25
safe,baseline,lightgbm,safe_baseline,0.9425895367911263,0.7861271676300579,0.9096989966555183,0.8434108527131783,0.8636363636363636,0.9445980527209801,0.641,0.654,25
safe,baseline,random_forest,safe_baseline,0.9407522587616518,0.7967244701348748,0.9188888888888889,0.8534571723426213,0.8721872187218722,0.9439985348903551,2.278,2.346,25
safe,baseline,extra_trees,safe_baseline,0.9368490600427017,0.7986512524084779,0.9099890230515917,0.8506926629040533,0.869036903690369,0.9427032646129825,0.71,0.791,25
safe,baseline,xgboost,safe_baseline,0.9346675975108055,0.8159922928709056,0.8859832635983264,0.8495486459378134,0.864986498649865,0.9377855548764988,0.39,0.407,25
safe,baseline,tabular_transformer,safe_baseline,0.9050734260271831,0.7601156069364162,0.8996579247434435,0.8240208877284595,0.8483348334833484,0.9163531246136393,27.524,27.858,25
safe,baseline,linear_svc,safe_baseline,0.882403628339322,0.7186897880539499,0.9527458492975734,0.8193300384404174,0.851935193519352,0.8657872034501367,0.109,0.117,25
safe,baseline,logistic_regression,safe_baseline,0.8817779123053691,0.7196531791907514,0.9491740787801779,0.8186301369863014,0.851035103510351,0.8641686587977818,0.075,0.084,25
safe,optimized,lightgbm,safe_optimized,0.9448824727907098,0.7697495183044316,0.9355971896955504,0.8446088794926004,0.8676867686768677,0.9482597056452634,1.018,1.034,25
safe,optimized,stacking_ensemble,safe_optimized,0.9445016729156903,0.7928709055876686,0.922645739910314,0.8528497409326425,0.8721872187218722,0.9483981356961751,16.656,16.95,25
safe,optimized,soft_vote_blend,safe_optimized,0.9441672525126282,0.7687861271676301,0.9454976303317536,0.8480340063761955,0.8712871287128713,0.9481243704948232,5.079,5.27,25
safe,optimized,catboost,safe_optimized,0.9420516976514086,0.7938342967244701,0.9227323628219485,0.8534438114966338,0.8726372637263726,0.9431578601443638,2.295,2.305,25
safe,optimized,random_forest,safe_optimized,0.9413031167005157,0.7803468208092486,0.9342560553633218,0.8503937007874016,0.8717371737173717,0.9448511122003798,4.062,4.202,25
safe,optimized,xgboost,safe_optimized,0.9402892777170234,0.7967244701348748,0.9067982456140351,0.8482051282051282,0.8667866786678667,0.9429407476251627,1.05,1.072,25
safe,optimized,extra_trees,safe_optimized,0.9397457428526792,0.75626204238921,0.9492140266021766,0.8418230563002681,0.8672367236723673,0.9443208225160482,1.6,1.754,25
safe,optimized,hist_gradient_boosting,safe_optimized,0.937566721345623,0.8034682080924855,0.8948497854077253,0.8467005076142132,0.8640864086408641,0.939774683447176,1.984,2.058,25
safe,optimized,tabular_transformer,safe_optimized,0.9185568335676717,0.7784200385356455,0.8898678414096917,0.8304213771839671,0.8514851485148515,0.9261484918185615,89.613,90.321,25
safe,optimized,linear_svc,safe_optimized,0.8823767770660835,0.7177263969171483,0.9526854219948849,0.8186813186813187,0.8514851485148515,0.8657092821031198,0.093,0.1,25
safe,optimized,logistic_regression,safe_optimized,0.8817591977815966,0.7196531791907514,0.9479695431472082,0.8181818181818182,0.8505850585058505,0.8637271326253289,1.354,1.361,25
unsafe,baseline,hist_gradient_boosting,unsafe_baseline,0.9801821330000522,0.9075144508670521,0.9438877755511023,0.925343811394892,0.9315931593159316,0.9799031274494915,0.583,0.611,34
unsafe,baseline,lightgbm,unsafe_baseline,0.9793464888298703,0.9084778420038536,0.9448897795591182,0.9263261296660118,0.9324932493249325,0.97731948157506,0.79,0.808,34
unsafe,baseline,catboost,unsafe_baseline,0.9784473780138521,0.9190751445086706,0.950199203187251,0.9343780607247796,0.9396939693969397,0.9780690052786445,1.977,2.011,34
unsafe,baseline,stacking_ensemble,unsafe_baseline,0.9780885473623911,0.9190751445086706,0.9436201780415431,0.931185944363104,0.9365436543654365,0.9768168361659312,19.635,19.795,34
unsafe,baseline,soft_vote_blend,unsafe_baseline,0.977458762953705,0.9123314065510597,0.9479479479479479,0.9297987236131566,0.9356435643564357,0.9763541979485654,4.949,5.07,34
unsafe,baseline,xgboost,unsafe_baseline,0.97532530724366,0.9084778420038536,0.9383084577114428,0.9231522271169849,0.9293429342934293,0.9752560445236991,0.361,0.375,34
unsafe,baseline,random_forest,unsafe_baseline,0.9750803910847263,0.9104046242774566,0.945,0.9273797841020608,0.9333933393339334,0.9732115761420589,1.539,1.601,34
unsafe,baseline,extra_trees,unsafe_baseline,0.9730510857678487,0.9113680154142582,0.9394240317775571,0.9251833740831296,0.9311431143114312,0.9730989314856744,0.762,0.839,34
unsafe,baseline,tabular_transformer,unsafe_baseline,0.9593768714523773,0.8786127167630058,0.918429003021148,0.8980797636632201,0.9068406840684068,0.9622358399878285,28.344,28.807,34
unsafe,baseline,logistic_regression,unsafe_baseline,0.9279401330521274,0.8342967244701349,0.8992731048805815,0.8655672163918041,0.8789378937893789,0.930506743671354,0.099,0.111,34
unsafe,baseline,linear_svc,unsafe_baseline,0.92739252981305,0.8420038535645472,0.9001029866117405,0.8700846192135391,0.8825382538253825,0.9260836764511141,0.225,0.232,34
unsafe,optimized,lightgbm,unsafe_optimized,0.9788802530854555,0.9094412331406551,0.944944944944945,0.9268532155130094,0.9329432943294329,0.9775575957159977,2.142,2.167,34
unsafe,optimized,xgboost,unsafe_optimized,0.9785987215539239,0.9113680154142582,0.9478957915831663,0.9292730844793713,0.9351935193519352,0.9779120621311321,1.673,1.729,34
unsafe,optimized,catboost,unsafe_optimized,0.978434359214706,0.9171483622350675,0.9529529529529529,0.9347079037800687,0.9401440144014401,0.9778006276893535,3.683,3.698,34
unsafe,optimized,stacking_ensemble,unsafe_optimized,0.9780885473623911,0.9190751445086706,0.9436201780415431,0.931185944363104,0.9365436543654365,0.9768168361659312,24.86,25.187,34
unsafe,optimized,soft_vote_blend,unsafe_optimized,0.977458762953705,0.9123314065510597,0.9479479479479479,0.9297987236131566,0.9356435643564357,0.9763541979485654,7.851,8.011,34
unsafe,optimized,hist_gradient_boosting,unsafe_optimized,0.9773293886371922,0.9094412331406551,0.944944944944945,0.9268532155130094,0.9329432943294329,0.977210512247588,2.869,2.961,34
unsafe,optimized,random_forest,unsafe_optimized,0.9752626542727698,0.9113680154142582,0.9441117764471058,0.9274509803921569,0.9333933393339334,0.9742233597320282,3.886,3.991,34
unsafe,optimized,extra_trees,unsafe_optimized,0.9694896305264803,0.9007707129094412,0.9322033898305084,0.916217540421362,0.923042304230423,0.9695932858780629,1.215,1.378,34
unsafe,optimized,tabular_transformer,unsafe_optimized,0.9646564013435402,0.9017341040462428,0.9131707317073171,0.9074163839069317,0.914041404140414,0.9647043136035981,182.758,184.337,34
unsafe,optimized,logistic_regression,unsafe_optimized,0.9280296372962559,0.8352601156069365,0.9012474012474012,0.867,0.8802880288028803,0.9305575508915536,1.124,1.133,34
unsafe,optimized,linear_svc,unsafe_optimized,0.9274861024319118,0.8439306358381503,0.9012345679012346,0.8716417910447761,0.8838883888388839,0.9262404901452106,0.179,0.186,34
